RT,First name,Last name,Party,Constituency,Uri,Rebel
25669,Ben,Lake,Plaid Cymru,Ceredigion,http://data.parliament.uk/members/4630,0
11323,Hywel,Williams,Plaid Cymru,Arfon,http://data.parliament.uk/members/1397,0
25302,Liz,Saville-Roberts,Plaid Cymru,Dwyfor Meirionnydd,http://data.parliament.uk/members/4521,0
13864,Jim,Shannon,DUP,Strangford,http://data.parliament.uk/members/4131,10
10001,Diane,Abbott,Labour,Hackney North and Stoke Newington,http://data.parliament.uk/members/172,13
25034,Debbie,Abrahams,Labour,Oldham East and Saddleworth,http://data.parliament.uk/members/4212,11
24878,Nigel,Adams,Conservative,Selby and Ainsty,http://data.parliament.uk/members/4057,18
25661,Bim,Afolami,Conservative,Hitchin and Harpenden,http://data.parliament.uk/members/4639,22
11929,Adam,Afriyie,Conservative,Windsor,http://data.parliament.uk/members/1586,22
25817,Nickie,Aiken,Conservative,Cities of London and Westminster,http://data.parliament.uk/members/4741,23
24904,Peter,Aldous,Conservative,Waveney,http://data.parliament.uk/members/4069,22
24958,Rushanara,Ali,Labour,Bethnal Green and Bow,http://data.parliament.uk/members/4138,4
25888,Tahir,Ali,Labour,"Birmingham, Hall Green",http://data.parliament.uk/members/4747,9
25337,Lucy,Allan,Conservative,Telford,http://data.parliament.uk/members/4411,23
25579,Rosena,Allin-Khan,Labour,Tooting,http://data.parliament.uk/members/4573,2
25702,Mike,Amesbury,Labour,Weaver Vale,http://data.parliament.uk/members/4667,13
10009,David,Amess,Conservative,Southend West,http://data.parliament.uk/members/44,22
25813,Fleur,Anderson,Labour,Putney,http://data.parliament.uk/members/4788,14
25894,Lee,Anderson,Conservative,Ashfield,http://data.parliament.uk/members/4743,23
25818,Stuart,Anderson,Conservative,Wolverhampton South West,http://data.parliament.uk/members/4742,22
24864,Stuart,Andrew,Conservative,Pudsey,http://data.parliament.uk/members/4032,20
25335,Caroline,Ansell,Conservative,Eastbourne,http://data.parliament.uk/members/4512,21
25634,Tonia,Antoniazzi,Labour,Gower,http://data.parliament.uk/members/4623,9
25396,Edward,Argar,Conservative,Charnwood,http://data.parliament.uk/members/4362,22
25120,Jon,Ashworth,Labour,Leicester South,http://data.parliament.uk/members/4244,13
25810,Sarah,Atherton,Conservative,Wrexham,http://data.parliament.uk/members/4855,19
25424,Victoria,Atkins,Conservative,Louth and Horncastle,http://data.parliament.uk/members/4399,17
25750,Gareth,Bacon,Conservative,Orpington,http://data.parliament.uk/members/4798,22
10707,Richard,Bacon,Conservative,South Norfolk,http://data.parliament.uk/members/1451,20
25693,Kemi,Badenoch,Conservative,Saffron Walden,http://data.parliament.uk/members/4597,21
25814,Shaun,Bailey,Conservative,West Bromwich West,http://data.parliament.uk/members/4757,17
25838,Siobhan,Baillie,Conservative,Stroud,http://data.parliament.uk/members/4847,24
25844,Duncan,Baker,Conservative,North Norfolk,http://data.parliament.uk/members/4784,23
24786,Steven,Baker,Conservative,Wycombe,http://data.parliament.uk/members/4064,14
24785,Harriett,Baldwin,Conservative,West Worcestershire,http://data.parliament.uk/members/4107,22
24916,Steve,Barclay,Conservative,North East Cambridgeshire,http://data.parliament.uk/members/4095,5
25409,Hannah,Bardell,Scottish National Party,Livingston,http://data.parliament.uk/members/4486,0
25819,Paula,Barker,Labour,"Liverpool, Wavertree",http://data.parliament.uk/members/4828,14
10715,John,Baron,Conservative,Basildon and Billericay,http://data.parliament.uk/members/1390,21
25799,Simon,Baynes,Conservative,Clwyd South,http://data.parliament.uk/members/4800,11
10031,Margaret,Beckett,Labour,Derby South,http://data.parliament.uk/members/328,11
25726,??rfhlaith,Begley,Sinn F??in,West Tyrone,http://data.parliament.uk/members/4697,0
25914,Apsana,Begum,Labour,Poplar and Limehouse,http://data.parliament.uk/members/4790,13
25916,Aaron,Bell,Conservative,Newcastle-under-Lyme,http://data.parliament.uk/members/4837,25
10669,Hilary,Benn,Labour,Leeds Central,http://data.parliament.uk/members/413,13
25800,Scott,Benton,Conservative,Blackpool South,http://data.parliament.uk/members/4793,22
10041,Paul,Beresford,Conservative,Mole Valley,http://data.parliament.uk/members/103,20
24860,Jake,Berry,Conservative,Rossendale and Darwen,http://data.parliament.uk/members/4060,19
10045,Clive,Betts,Labour,Sheffield South East,http://data.parliament.uk/members/394,14
25847,Saqib,Bhatti,Conservative,Meriden,http://data.parliament.uk/members/4818,22
25269,Mhairi,Black,Scottish National Party,Paisley and Renfrewshire South,http://data.parliament.uk/members/4421,0
25361,Ian,Blackford,Scottish National Party,"Ross, Skye and Lochaber",http://data.parliament.uk/members/4390,0
24945,Bob,Blackman,Conservative,Harrow East,http://data.parliament.uk/members/4005,22
25314,Kirsty,Blackman,Scottish National Party,Aberdeen North,http://data.parliament.uk/members/4357,0
25908,Olivia,Blake,Labour,"Sheffield, Hallam",http://data.parliament.uk/members/4864,13
24943,Paul,Blomfield,Labour,Sheffield Central,http://data.parliament.uk/members/4058,13
10051,Crispin,Blunt,Conservative,Reigate,http://data.parliament.uk/members/104,23
11915,Peter,Bone,Conservative,Wellingborough,http://data.parliament.uk/members/1581,21
25861,Steven,Bonnar,Scottish National Party,"Coatbridge, Chryston and Bellshill",http://data.parliament.uk/members/4748,0
10057,Peter,Bottomley,Conservative,Worthing West,http://data.parliament.uk/members/117,15
25703,Andrew,Bowie,Conservative,West Aberdeenshire and Kincardine,http://data.parliament.uk/members/4601,19
25592,Tracy,Brabin,Labour,Batley and Spen,http://data.parliament.uk/members/4588,13
25683,Ben,Bradley,Conservative,Mansfield,http://data.parliament.uk/members/4663,20
24725,Karen,Bradley,Conservative,Staffordshire Moorlands,http://data.parliament.uk/members/4110,19
10061,Ben,Bradshaw,Labour,Exeter,http://data.parliament.uk/members/230,12
10062,Graham,Brady,Conservative,Altrincham and Sale West,http://data.parliament.uk/members/435,20
13893,Mickey,Brady,Sinn F??in,Newry and Armagh,http://data.parliament.uk/members/4373,0
25272,Suella,Braverman,Conservative,Fareham,http://data.parliament.uk/members/4475,12
10753,Kevin,Brennan,Labour,Cardiff West,http://data.parliament.uk/members/1400,9
25698,Jack,Brereton,Conservative,Stoke-on-Trent South,http://data.parliament.uk/members/4643,22
24741,Andrew,Bridgen,Conservative,North West Leicestershire,http://data.parliament.uk/members/4133,22
24901,Steve,Brine,Conservative,Winchester,http://data.parliament.uk/members/4067,22
25795,Paul,Bristow,Conservative,Peterborough,http://data.parliament.uk/members/4792,23
25876,Sara,Britcliffe,Conservative,Hyndburn,http://data.parliament.uk/members/4838,24
25336,Deidre,Brock,Scottish National Party,Edinburgh North and Leith,http://data.parliament.uk/members/4417,0
11640,James,Brokenshire,Conservative,Old Bexley and Sidcup,http://data.parliament.uk/members/1530,16
25268,Alan,Brown,Scottish National Party,Kilmarnock and Loudoun,http://data.parliament.uk/members/4470,0
11921,Lyn,Brown,Labour,West Ham,http://data.parliament.uk/members/1583,14
10069,Nick,Brown,Labour,Newcastle upon Tyne East,http://data.parliament.uk/members/523,14
25850,Anthony,Browne,Conservative,South Cambridgeshire,http://data.parliament.uk/members/4801,23
24857,Fiona,Bruce,Conservative,Congleton,http://data.parliament.uk/members/3958,24
10761,Chris,Bryant,Labour,Rhondda,http://data.parliament.uk/members/1446,10
25891,Felicity,Buchan,Conservative,Kensington,http://data.parliament.uk/members/4821,23
10075,Karen,Buck,Labour,Westminster North,http://data.parliament.uk/members/199,13
24843,Robert,Buckland,Conservative,South Swindon,http://data.parliament.uk/members/4106,21
25659,Alex,Burghart,Conservative,Brentwood and Ongar,http://data.parliament.uk/members/4613,22
25391,Richard,Burgon,Labour,Leeds East,http://data.parliament.uk/members/4493,8
24780,Conor,Burns,Conservative,Bournemouth West,http://data.parliament.uk/members/3922,13
11447,Dawn,Butler,Labour,Brent Central,http://data.parliament.uk/members/1489,1
25895,Rob,Butler,Conservative,Aylesbury,http://data.parliament.uk/members/4745,23
25816,Ian,Byrne,Labour,"Liverpool, West Derby",http://data.parliament.uk/members/4831,10
11360,Liam,Byrne,Labour,"Birmingham, Hodge Hill",http://data.parliament.uk/members/1171,2
25343,Ruth,Cadbury,Labour,Brentford and Isleworth,http://data.parliament.uk/members/4389,12
24740,Alun,Cairns,Conservative,Vale of Glamorgan,http://data.parliament.uk/members/4086,18
25863,Amy,Callaghan,Scottish National Party,East Dunbartonshire,http://data.parliament.uk/members/4770,0
25276,Lisa,Cameron,Scottish National Party,"East Kilbride, Strathaven and Lesmahagow",http://data.parliament.uk/members/4412,2
10086,Alan,Campbell,Labour,Tynemouth,http://data.parliament.uk/members/529,14
10780,Gregory,Campbell,DUP,East Londonderry,http://data.parliament.uk/members/1409,4
25642,Dan,Carden,Labour,"Liverpool, Walton",http://data.parliament.uk/members/4651,14
10785,Alistair,Carmichael,Liberal Democrat,Orkney and Shetland,http://data.parliament.uk/members/1442,6
25884,Andy,Carter,Conservative,Warrington South,http://data.parliament.uk/members/4791,23
25414,James,Cartlidge,Conservative,South Suffolk,http://data.parliament.uk/members/4519,22
10095,Bill,Cash,Conservative,Stone,http://data.parliament.uk/members/288,20
25897,Miriam,Cates,Conservative,Penistone and Stocksbridge,http://data.parliament.uk/members/4865,21
25397,Maria,Caulfield,Conservative,Lewes,http://data.parliament.uk/members/4492,18
25340,Alex,Chalk,Conservative,Cheltenham,http://data.parliament.uk/members/4481,22
25872,Wendy,Chamberlain,Liberal Democrat,North East Fife,http://data.parliament.uk/members/4765,7
25168,Sarah,Champion,Labour,Rotherham,http://data.parliament.uk/members/4267,13
25305,Douglas,Chapman,Scottish National Party,Dunfermline and West Fife,http://data.parliament.uk/members/4402,0
25676,Bambos,Charalambous,Labour,"Enfield, Southgate",http://data.parliament.uk/members/4610,13
25404,Joanna,Cherry,Scottish National Party,Edinburgh South West,http://data.parliament.uk/members/4419,0
24920,Rehman,Chishti,Conservative,Gillingham and Rainham,http://data.parliament.uk/members/3987,14
10103,Christopher,Chope,Conservative,Christchurch,http://data.parliament.uk/members/242,21
25408,Jo,Churchill,Conservative,Bury St Edmunds,http://data.parliament.uk/members/4380,23
25896,Feryal,Clark,Labour,Enfield North,http://data.parliament.uk/members/4822,14
11884,Greg,Clark,Conservative,Tunbridge Wells,http://data.parliament.uk/members/1578,21
25657,Simon,Clarke,Conservative,Middlesbrough South and East Cleveland,http://data.parliament.uk/members/4655,19
25900,Theo,Clarke,Conservative,Stafford,http://data.parliament.uk/members/4819,23
25862,Brendan,Clarke-Smith,Conservative,Bassetlaw,http://data.parliament.uk/members/4756,22
25825,Chris,Clarkson,Conservative,Heywood and Middleton,http://data.parliament.uk/members/4835,24
25376,James,Cleverly,Conservative,Braintree,http://data.parliament.uk/members/4366,22
10119,Geoffrey,Clifton-Brown,Conservative,The Cotswolds,http://data.parliament.uk/members/249,21
24771,Therese,Coffey,Conservative,Suffolk Coastal,http://data.parliament.uk/members/4098,20
25907,Elliot,Colburn,Conservative,Carshalton and Wallington,http://data.parliament.uk/members/4775,25
24744,Damian,Collins,Conservative,Folkestone and Hythe,http://data.parliament.uk/members/3986,18
25901,Daisy,Cooper,Liberal Democrat,St Albans,http://data.parliament.uk/members/4769,0
11667,Rosie,Cooper,Labour,West Lancashire,http://data.parliament.uk/members/1538,12
10131,Yvette,Cooper,Labour,"Normanton, Pontefract and Castleford",http://data.parliament.uk/members/420,11
10133,Jeremy,Corbyn,Labour,Islington North,http://data.parliament.uk/members/185,9
25413,Alberto,Costa,Conservative,South Leicestershire,http://data.parliament.uk/members/4439,22
25593,Robert,Courts,Conservative,Witney,http://data.parliament.uk/members/4589,22
25890,Claire,Coutinho,Conservative,East Surrey,http://data.parliament.uk/members/4806,23
25288,Ronnie,Cowan,Scottish National Party,Inverclyde,http://data.parliament.uk/members/4465,0
11541,Geoffrey,Cox,Conservative,Torridge and West Devon,http://data.parliament.uk/members/1508,17
25326,Neil,Coyle,Labour,Bermondsey and Old Southwark,http://data.parliament.uk/members/4368,11
11768,Stephen,Crabb,Conservative,Preseli Pembrokeshire,http://data.parliament.uk/members/1554,18
25295,Angela,Crawley,Scottish National Party,Lanark and Hamilton East,http://data.parliament.uk/members/4469,0
24949,Stella,Creasy,Labour,Walthamstow,http://data.parliament.uk/members/4088,13
25843,Virginia,Crosbie,Conservative,Ynys M??n,http://data.parliament.uk/members/4859,19
24871,Tracey,Crouch,Conservative,Chatham and Aylesford,http://data.parliament.uk/members/3950,24
10828,Jon,Cruddas,Labour,Dagenham and Rainham,http://data.parliament.uk/members/1406,14
10143,John,Cryer,Labour,Leyton and Wanstead,http://data.parliament.uk/members/181,10
25393,Judith,Cummins,Labour,Bradford South,http://data.parliament.uk/members/4391,11
24742,Alex,Cunningham,Labour,Stockton North,http://data.parliament.uk/members/4122,14
25727,Janet,Daby,Labour,Lewisham East,http://data.parliament.uk/members/4698,14
25905,James,Daly,Conservative,Bury North,http://data.parliament.uk/members/4854,23
10155,Edward,Davey,Liberal Democrat,Kingston and Surbiton,http://data.parliament.uk/members/188,0
10842,Wayne,David,Labour,Caerphilly,http://data.parliament.uk/members/1398,9
11719,David,Davies,Conservative,Monmouth,http://data.parliament.uk/members/1545,19
25858,Gareth,Davies,Conservative,Grantham and Stamford,http://data.parliament.uk/members/4850,22
10159,Geraint,Davies,Labour,Swansea West,http://data.parliament.uk/members/155,10
25292,James,Davies,Conservative,Vale of Clwyd,http://data.parliament.uk/members/4476,22
25330,Mims,Davies,Conservative,Mid Sussex,http://data.parliament.uk/members/4513,20
11816,Philip,Davies,Conservative,Shipley,http://data.parliament.uk/members/1565,17
25824,Alex,Davies-Jones,Labour,Pontypridd,http://data.parliament.uk/members/4849,11
10162,David,Davis,Conservative,Haltemprice and Howden,http://data.parliament.uk/members/373,20
25815,Dehenna,Davison,Conservative,Bishop Auckland,http://data.parliament.uk/members/4737,24
25307,Martyn,Day,Scottish National Party,Linlithgow and East Falkirk,http://data.parliament.uk/members/4488,0
25620,Marsha,de Cordova,Labour,Battersea,http://data.parliament.uk/members/4676,8
25402,Thangam,Debbonaire,Labour,Bristol West,http://data.parliament.uk/members/4433,7
25695,Tan,Dhesi,Labour,Slough,http://data.parliament.uk/members/4638,13
24873,Caroline,Dinenage,Conservative,Gosport,http://data.parliament.uk/members/4008,21
25877,Sarah,Dines,Conservative,Derbyshire Dales,http://data.parliament.uk/members/4816,23
10854,Jonathan,Djanogly,Conservative,Huntingdon,http://data.parliament.uk/members/1425,23
25628,Leo,Docherty,Conservative,Aldershot,http://data.parliament.uk/members/4600,22
25275,Martin,Docherty,Scottish National Party,West Dunbartonshire,http://data.parliament.uk/members/4374,0
25618,Anneliese,Dodds,Labour,Oxford East,http://data.parliament.uk/members/4657,12
10172,Jeffrey M.,Donaldson,DUP,Lagan Valley,http://data.parliament.uk/members/650,0
25316,Michelle,Donelan,Conservative,Chippenham,http://data.parliament.uk/members/4530,15
25796,Dave,Doogan,Scottish National Party,Angus,http://data.parliament.uk/members/4736,0
25870,Allan,Dorans,Scottish National Party,"Ayr, Carrick and Cumnock",http://data.parliament.uk/members/4740,0
11397,Nadine,Dorries,Conservative,Mid Bedfordshire,http://data.parliament.uk/members/1481,17
25410,Steve,Double,Conservative,St Austell and Newquay,http://data.parliament.uk/members/4452,21
25166,Stephen,Doughty,Labour,Cardiff South and Penarth,http://data.parliament.uk/members/4264,10
25309,Peter,Dowd,Labour,Bootle,http://data.parliament.uk/members/4397,10
25323,Oliver,Dowden,Conservative,Hertsmere,http://data.parliament.uk/members/4441,21
24957,Jackie,Doyle-Price,Conservative,Thurrock,http://data.parliament.uk/members/4065,22
24903,Richard,Drax,Conservative,South Dorset,http://data.parliament.uk/members/4132,21
24825,Jack,Dromey,Labour,"Birmingham, Erdington",http://data.parliament.uk/members/3913,9
25392,Flick,Drummond,Conservative,Meon Valley,http://data.parliament.uk/members/4459,22
11785,James,Duddridge,Conservative,Rochford and Southend East,http://data.parliament.uk/members/1559,14
25656,Rosie,Duffield,Labour,Canterbury,http://data.parliament.uk/members/4616,12
25664,David,Duguid,Conservative,Banff and Buchan,http://data.parliament.uk/members/4606,17
10180,Iain,Duncan Smith,Conservative,Chingford and Woodford Green,http://data.parliament.uk/members/152,24
11696,Philip,Dunne,Conservative,Ludlow,http://data.parliament.uk/members/1542,20
10182,Angela,Eagle,Labour,Wallasey,http://data.parliament.uk/members/491,13
10183,Maria,Eagle,Labour,Garston and Halewood,http://data.parliament.uk/members/483,13
25130,Colum,Eastwood,Social Democratic and Labour Party,Foyle,http://data.parliament.uk/members/4846,0
25923,Mark,Eastwood,Conservative,Dewsbury,http://data.parliament.uk/members/4807,24
24743,Jonathan,Edwards,Plaid Cymru,Carmarthen East and Dinefwr,http://data.parliament.uk/members/3943,0
25854,Ruth,Edwards,Conservative,Rushcliffe,http://data.parliament.uk/members/4808,23
10185,Clive,Efford,Labour,Eltham,http://data.parliament.uk/members/165,13
24710,Julie,Elliott,Labour,Sunderland Central,http://data.parliament.uk/members/4127,14
24866,Michael,Ellis,Conservative,Northampton North,http://data.parliament.uk/members/4116,22
11437,Tobias,Ellwood,Conservative,Bournemouth East,http://data.parliament.uk/members/1487,18
25490,Chris,Elmore,Labour,Ogmore,http://data.parliament.uk/members/4572,11
25831,Natalie,Elphicke,Conservative,Dover,http://data.parliament.uk/members/4795,22
25759,Florence,Eshalomi,Labour,Vauxhall,http://data.parliament.uk/members/4870,10
24905,Bill,Esterson,Labour,Sefton Central,http://data.parliament.uk/members/4061,14
24933,George,Eustice,Conservative,Camborne and Redruth,http://data.parliament.uk/members/3934,22
24721,Chris,Evans,Labour,Islwyn,http://data.parliament.uk/members/4040,10
25805,Luke,Evans,Conservative,Bosworth,http://data.parliament.uk/members/4781,20
10190,Nigel,Evans,Conservative,Ribble Valley,http://data.parliament.uk/members/474,10
11408,David,Evennett,Conservative,Bexleyheath and Crayford,http://data.parliament.uk/members/1198,21
25910,Ben,Everitt,Conservative,Milton Keynes North,http://data.parliament.uk/members/4836,23
10193,Michael,Fabricant,Conservative,Lichfield,http://data.parliament.uk/members/280,23
25835,Laura,Farris,Conservative,Newbury,http://data.parliament.uk/members/4826,23
11923,Tim,Farron,Liberal Democrat,Westmorland and Lonsdale,http://data.parliament.uk/members/1591,2
13899,Stephen,Farry,Alliance,North Down,http://data.parliament.uk/members/4856,0
25869,Simon,Fell,Conservative,Barrow and Furness,http://data.parliament.uk/members/4744,24
25277,Marion,Fellows,Scottish National Party,Motherwell and Wishaw,http://data.parliament.uk/members/4440,0
25287,Margaret,Ferrier,Scottish National Party,Rutherglen and Hamilton West,http://data.parliament.uk/members/4386,0
25821,John,Finucane,Sinn F??in,Belfast North,http://data.parliament.uk/members/4823,0
25319,Colleen,Fletcher,Labour,Coventry North East,http://data.parliament.uk/members/4378,11
25830,Katherine,Fletcher,Conservative,South Ribble,http://data.parliament.uk/members/4834,22
25903,Mark,Fletcher,Conservative,Bolsover,http://data.parliament.uk/members/4774,22
25859,Nicholas,Fletcher,Conservative,Don Valley,http://data.parliament.uk/members/4832,21
25867,Stephen,Flynn,Scottish National Party,Aberdeen South,http://data.parliament.uk/members/4735,0
25614,Vicky,Ford,Conservative,Chelmsford,http://data.parliament.uk/members/4674,21
25338,Kevin,Foster,Conservative,Torbay,http://data.parliament.uk/members/4451,22
24805,Yvonne,Fovargue,Labour,Makerfield,http://data.parliament.uk/members/4034,12
10213,Liam,Fox,Conservative,North Somerset,http://data.parliament.uk/members/223,14
25380,Vicky,Foxcroft,Labour,"Lewisham, Deptford",http://data.parliament.uk/members/4491,14
25833,Mary,Foy,Labour,City of Durham,http://data.parliament.uk/members/4753,5
10901,Mark,Francois,Conservative,Rayleigh and Wickford,http://data.parliament.uk/members/1444,22
25399,Lucy,Frazer,Conservative,South East Cambridgeshire,http://data.parliament.uk/members/4517,23
24817,George,Freeman,Conservative,Mid Norfolk,http://data.parliament.uk/members/4020,19
24934,Mike,Freer,Conservative,Finchley and Golders Green,http://data.parliament.uk/members/4004,23
24787,Richard,Fuller,Conservative,North East Bedfordshire,http://data.parliament.uk/members/3912,24
25489,Gill,Furniss,Labour,"Sheffield, Brightside and Hillsborough",http://data.parliament.uk/members/4571,9
25384,Marcus,Fysh,Conservative,Yeovil,http://data.parliament.uk/members/4446,21
10217,Roger,Gale,Conservative,North Thanet,http://data.parliament.uk/members/87,10
10220,Barry,Gardiner,Labour,Brent North,http://data.parliament.uk/members/146,11
24824,Mark,Garnier,Conservative,Wyre Forest,http://data.parliament.uk/members/4074,16
25354,Nusrat,Ghani,Conservative,Wealden,http://data.parliament.uk/members/4460,22
10225,Nick,Gibb,Conservative,Bognor Regis and Littlehampton,http://data.parliament.uk/members/111,19
25300,Patricia,Gibson,Scottish National Party,North Ayrshire and Arran,http://data.parliament.uk/members/4435,0
25793,Peter,Gibson,Conservative,Darlington,http://data.parliament.uk/members/4754,24
25882,Jo,Gideon,Conservative,Stoke-on-Trent Central,http://data.parliament.uk/members/4817,24
10913,Michelle,Gildernew,Sinn F??in,Fermanagh and South Tyrone,http://data.parliament.uk/members/1416,0
25666,Preet Kaur,Gill,Labour,"Birmingham, Edgbaston",http://data.parliament.uk/members/4603,14
10228,Cheryl,Gillan,Conservative,Chesham and Amersham,http://data.parliament.uk/members/18,1
25629,Paul,Girvan,DUP,South Antrim,http://data.parliament.uk/members/4633,4
24839,John,Glen,Conservative,Salisbury,http://data.parliament.uk/members/4051,22
24927,Mary,Glindon,Labour,North Tyneside,http://data.parliament.uk/members/4126,12
11804,Robert,Goodwill,Conservative,Scarborough and Whitby,http://data.parliament.uk/members/1562,22
11858,Michael,Gove,Conservative,Surrey Heath,http://data.parliament.uk/members/1571,18
25299,Patrick,Grady,Scottish National Party,Glasgow North,http://data.parliament.uk/members/4432,0
24921,Richard,Graham,Conservative,Gloucester,http://data.parliament.uk/members/3990,25
24796,Helen,Grant,Conservative,Maidstone and The Weald,http://data.parliament.uk/members/4018,18
25273,Peter,Grant,Scottish National Party,Glenrothes,http://data.parliament.uk/members/4466,0
10240,James,Gray,Conservative,North Wiltshire,http://data.parliament.uk/members/261,21
25293,Neil,Gray,Scottish National Party,Airdrie and Shotts,http://data.parliament.uk/members/4365,0
10920,Chris,Grayling,Conservative,Epsom and Ewell,http://data.parliament.uk/members/1413,21
25359,Chris,Green,Conservative,Bolton West,http://data.parliament.uk/members/4398,15
10241,Damian,Green,Conservative,Ashford,http://data.parliament.uk/members/76,22
24896,Kate,Green,Labour,Stretford and Urmston,http://data.parliament.uk/members/4120,14
24774,Lilian,Greenwood,Labour,Nottingham South,http://data.parliament.uk/members/4029,13
25349,Margaret,Greenwood,Labour,Wirral West,http://data.parliament.uk/members/4400,14
25927,Andrew,Griffith,Conservative,Arundel and South Downs,http://data.parliament.uk/members/4874,16
11692,Nia,Griffith,Labour,Llanelli,http://data.parliament.uk/members/1541,8
25839,Kate,Griffiths,Conservative,Burton,http://data.parliament.uk/members/4773,21
25812,James,Grundy,Conservative,Leigh,http://data.parliament.uk/members/4843,22
25898,Jonathan,Gullis,Conservative,Stoke-on-Trent North,http://data.parliament.uk/members/4814,24
11531,Andrew,Gwynne,Labour,Denton and Reddish,http://data.parliament.uk/members/1506,13
25357,Louise,Haigh,Labour,"Sheffield, Heeley",http://data.parliament.uk/members/4473,9
24784,Robert,Halfon,Conservative,Harlow,http://data.parliament.uk/members/3985,20
25373,Luke,Hall,Conservative,Thornbury and Yate,http://data.parliament.uk/members/4450,23
10256,Fabian,Hamilton,Labour,Leeds North East,http://data.parliament.uk/members/415,14
11927,Stephen,Hammond,Conservative,Wimbledon,http://data.parliament.uk/members/1585,22
24773,Matthew,Hancock,Conservative,West Suffolk,http://data.parliament.uk/members/4070,16
11610,Greg,Hands,Conservative,Chelsea and Fulham,http://data.parliament.uk/members/1526,20
25447,Claire,Hanna,Social Democratic and Labour Party,Belfast South,http://data.parliament.uk/members/4827,0
25873,Neale,Hanvey,Independent,Kirkcaldy and Cowdenbeath,http://data.parliament.uk/members/4782,0
25646,Emma,Hardy,Labour,Kingston upon Hull West and Hessle,http://data.parliament.uk/members/4645,12
10260,Harriet,Harman,Labour,Camberwell and Peckham,http://data.parliament.uk/members/150,9
11588,Mark,Harper,Conservative,Forest of Dean,http://data.parliament.uk/members/1520,23
25308,Carolyn,Harris,Labour,Swansea East,http://data.parliament.uk/members/4480,10
24731,Rebecca,Harris,Conservative,Castle Point,http://data.parliament.uk/members/3948,22
25600,Trudy,Harrison,Conservative,Copeland,http://data.parliament.uk/members/4593,13
25902,Sally-Ann,Hart,Conservative,Hastings and Rye,http://data.parliament.uk/members/4842,19
24813,Simon,Hart,Conservative,Carmarthen West and South Pembrokeshire,http://data.parliament.uk/members/3944,19
25310,Helen,Hayes,Labour,Dulwich and West Norwood,http://data.parliament.uk/members/4510,14
10265,John,Hayes,Conservative,South Holland and The Deepings,http://data.parliament.uk/members/350,21
25154,Christopher,Hazzard,Sinn F??in,South Down,http://data.parliament.uk/members/4636,0
10267,Oliver,Heald,Conservative,North East Hertfordshire,http://data.parliament.uk/members/69,20
10268,John,Healey,Labour,Wentworth and Dearne,http://data.parliament.uk/members/400,11
25438,James,Heappey,Conservative,Wells,http://data.parliament.uk/members/4528,16
24841,Chris,Heaton-Harris,Conservative,Daventry,http://data.parliament.uk/members/3977,13
24828,Gordon,Henderson,Conservative,Sittingbourne and Sheppey,http://data.parliament.uk/members/4050,22
10682,Mark,Hendrick,Labour,Preston,http://data.parliament.uk/members/473,10
25382,Drew,Hendry,Scottish National Party,"Inverness, Nairn, Badenoch and Strathspey",http://data.parliament.uk/members/4467,0
25871,Darren,Henry,Conservative,Broxtowe,http://data.parliament.uk/members/4794,23
25842,Antony,Higginbotham,Conservative,Burnley,http://data.parliament.uk/members/4833,24
25619,Mike,Hill,Labour,Hartlepool,http://data.parliament.uk/members/4644,13
11605,Meg,Hillier,Labour,Hackney South and Shoreditch,http://data.parliament.uk/members/1524,11
24782,Damian,Hinds,Conservative,East Hampshire,http://data.parliament.uk/members/3969,21
25427,Simon,Hoare,Conservative,North Dorset,http://data.parliament.uk/members/4494,20
25648,Wera,Hobhouse,Liberal Democrat,Bath,http://data.parliament.uk/members/4602,2
10281,Margaret,Hodge,Labour,Barking,http://data.parliament.uk/members/140,7
11592,Sharon,Hodgson,Labour,Washington and Sunderland West,http://data.parliament.uk/members/1521,14
25893,Richard,Holden,Conservative,North West Durham,http://data.parliament.uk/members/4813,20
25298,Kate,Hollern,Labour,Blackburn,http://data.parliament.uk/members/4363,12
25415,Kevin,Hollinrake,Conservative,Thirsk and Malton,http://data.parliament.uk/members/4474,20
11661,Philip,Hollobone,Conservative,Kettering,http://data.parliament.uk/members/1537,27
11599,Adam,Holloway,Conservative,Gravesham,http://data.parliament.uk/members/1522,20
25808,Paul,Holmes,Conservative,Eastleigh,http://data.parliament.uk/members/4803,24
25809,Rachel,Hopkins,Labour,Luton South,http://data.parliament.uk/members/4873,12
11973,Stewart,Hosie,Scottish National Party,Dundee East,http://data.parliament.uk/members/1514,0
10292,George,Howarth,Labour,Knowsley,http://data.parliament.uk/members/481,13
14131,John,Howell,Conservative,Henley,http://data.parliament.uk/members/1606,21
25855,Paul,Howell,Conservative,Sedgefield,http://data.parliament.uk/members/4830,19
10295,Lindsay,Hoyle,Speaker,Chorley,http://data.parliament.uk/members/467,0
25381,Nigel,Huddleston,Conservative,Mid Worcestershire,http://data.parliament.uk/members/4407,16
25875,Neil,Hudson,Conservative,Penrith and The Border,http://data.parliament.uk/members/4853,18
25699,Eddie,Hughes,Conservative,Walsall North,http://data.parliament.uk/members/4635,22
25921,Jane,Hunt,Conservative,Loughborough,http://data.parliament.uk/members/4839,23
11859,Jeremy,Hunt,Conservative,South West Surrey,http://data.parliament.uk/members/1572,19
25811,Tom,Hunt,Conservative,Ipswich,http://data.parliament.uk/members/4771,22
25284,Rupa,Huq,Labour,Ealing Central and Acton,http://data.parliament.uk/members/4511,12
25375,Imran,Hussain,Labour,Bradford East,http://data.parliament.uk/members/4394,5
25674,Alister,Jack,Conservative,Dumfries and Galloway,http://data.parliament.uk/members/4619,16
25675,Christine,Jardine,Liberal Democrat,Edinburgh West,http://data.parliament.uk/members/4634,4
25067,Dan,Jarvis,Labour,Barnsley Central,http://data.parliament.uk/members/4243,13
24854,Sajid,Javid,Conservative,Bromsgrove,http://data.parliament.uk/members/3945,9
25419,Ranil,Jayawardena,Conservative,North East Hampshire,http://data.parliament.uk/members/4498,13
10312,Bernard,Jenkin,Conservative,Harwich and North Essex,http://data.parliament.uk/members/40,23
25792,Mark,Jenkinson,Conservative,Workington,http://data.parliament.uk/members/4752,23
25431,Andrea,Jenkyns,Conservative,Morley and Outwood,http://data.parliament.uk/members/4490,17
25227,Robert,Jenrick,Conservative,Newark,http://data.parliament.uk/members/4320,21
10999,Boris,Johnson,Conservative,Uxbridge and South Ruislip,http://data.parliament.uk/members/1423,0
25597,Caroline,Johnson,Conservative,Sleaford and North Hykeham,http://data.parliament.uk/members/4592,20
11647,Diana R.,Johnson,Labour,Kingston upon Hull North,http://data.parliament.uk/members/1533,13
24803,Gareth,Johnson,Conservative,Dartford,http://data.parliament.uk/members/3970,21
25803,Kim,Johnson,Labour,"Liverpool, Riverside",http://data.parliament.uk/members/4824,14
25924,David,Johnston,Conservative,Wantage,http://data.parliament.uk/members/4761,20
24758,Andrew,Jones,Conservative,Harrogate and Knaresborough,http://data.parliament.uk/members/3996,22
25637,Darren,Jones,Labour,Bristol North West,http://data.parliament.uk/members/4621,11
11506,David,Jones,Conservative,Clwyd West,http://data.parliament.uk/members/1502,21
25881,Fay,Jones,Conservative,Brecon and Radnorshire,http://data.parliament.uk/members/4763,21
25289,Gerald,Jones,Labour,Merthyr Tydfil and Rhymney,http://data.parliament.uk/members/4501,8
11003,Kevan,Jones,Labour,North Durham,http://data.parliament.uk/members/1438,13
24745,Marcus,Jones,Conservative,Nuneaton,http://data.parliament.uk/members/4024,14
25746,Ruth,Jones,Labour,Newport West,http://data.parliament.uk/members/4716,11
25673,Sarah,Jones,Labour,Croydon Central,http://data.parliament.uk/members/4631,13
25911,Simon,Jupp,Conservative,East Devon,http://data.parliament.uk/members/4862,24
25220,Mike,Kane,Labour,Wythenshawe and Sale East,http://data.parliament.uk/members/4316,13
11817,Daniel,Kawczynski,Conservative,Shrewsbury and Atcham,http://data.parliament.uk/members/1566,18
25906,Alicia,Kearns,Conservative,Rutland and Melton,http://data.parliament.uk/members/4805,21
25670,Gillian,Keegan,Conservative,Chichester,http://data.parliament.uk/members/4680,22
11943,Barbara,Keeley,Labour,Worsley and Eccles South,http://data.parliament.uk/members/1588,14
24816,Liz,Kendall,Labour,Leicester West,http://data.parliament.uk/members/4026,13
25662,Afzal,Khan,Labour,"Manchester, Gorton",http://data.parliament.uk/members/4671,14
25822,Imran Ahmad,Khan,Conservative,Wakefield,http://data.parliament.uk/members/4841,21
25297,Stephen,Kinnock,Labour,Aberavon,http://data.parliament.uk/members/4359,10
11026,Greg,Knight,Conservative,East Yorkshire,http://data.parliament.uk/members/1200,17
25388,Julian,Knight,Conservative,Solihull,http://data.parliament.uk/members/4410,20
25913,Danny,Kruger,Conservative,Devizes,http://data.parliament.uk/members/4858,21
24770,Kwasi,Kwarteng,Conservative,Spelthorne,http://data.parliament.uk/members/4134,21
25418,Peter,Kyle,Labour,Hove,http://data.parliament.uk/members/4505,13
10348,Eleanor,Laing,Conservative,Epping Forest,http://data.parliament.uk/members/36,10
10678,David,Lammy,Labour,Tottenham,http://data.parliament.uk/members/206,12
14026,John,Lamont,Conservative,"Berwickshire, Roxburgh and Selkirk",http://data.parliament.uk/members/4608,16
25841,Robert,Largan,Conservative,High Peak,http://data.parliament.uk/members/4852,26
24821,Pauline,Latham,Conservative,Mid Derbyshire,http://data.parliament.uk/members/4025,18
24963,Ian,Lavery,Labour,Wansbeck,http://data.parliament.uk/members/4139,13
25270,Chris,Law,Scottish National Party,Dundee West,http://data.parliament.uk/members/4403,0
24829,Andrea,Leadsom,Conservative,South Northamptonshire,http://data.parliament.uk/members/4117,10
10352,Edward,Leigh,Conservative,Gainsborough,http://data.parliament.uk/members/345,14
25791,Ian,Levy,Conservative,Blyth Valley,http://data.parliament.uk/members/4749,21
25181,Emma,Lewell-Buck,Labour,South Shields,http://data.parliament.uk/members/4277,16
25686,Andrew,Lewer,Conservative,Northampton South,http://data.parliament.uk/members/4659,21
24879,Brandon,Lewis,Conservative,Great Yarmouth,http://data.parliament.uk/members/4009,21
25356,Clive,Lewis,Labour,Norwich South,http://data.parliament.uk/members/4500,14
10358,Julian,Lewis,Conservative,New Forest East,http://data.parliament.uk/members/54,21
11048,Ian,Liddell-Grainger,Conservative,Bridgwater and West Somerset,http://data.parliament.uk/members/1396,18
25677,David,Linden,Scottish National Party,Glasgow East,http://data.parliament.uk/members/4640,0
10367,Tony,Lloyd,Labour,Rochdale,http://data.parliament.uk/members/450,10
25562,Carla,Lockhart,DUP,Upper Bann,http://data.parliament.uk/members/4857,3
25918,Chris,Loder,Conservative,West Dorset,http://data.parliament.uk/members/4751,22
25886,Mark,Logan,Conservative,Bolton North East,http://data.parliament.uk/members/4815,20
25368,Rebecca,Long-Bailey,Labour,Salford and Eccles,http://data.parliament.uk/members/4396,2
25917,Marco,Longhi,Conservative,Dudley North,http://data.parliament.uk/members/4789,21
25652,Julia,Lopez,Conservative,Hornchurch and Upminster,http://data.parliament.uk/members/4647,20
24716,Jack,Lopresti,Conservative,Filton and Bradley Stoke,http://data.parliament.uk/members/3989,21
24884,Jonathan,Lord,Conservative,Woking,http://data.parliament.uk/members/4090,21
10371,Tim,Loughton,Conservative,East Worthing and Shoreham,http://data.parliament.uk/members/114,28
24910,Caroline,Lucas,Green,"Brighton, Pavilion",http://data.parliament.uk/members/3930,0
25434,Holly,Lynch,Labour,Halifax,http://data.parliament.uk/members/4472,13
14031,Kenny,MacAskill,Scottish National Party,East Lothian,http://data.parliament.uk/members/4772,0
25437,Craig,Mackinlay,Conservative,South Thanet,http://data.parliament.uk/members/4529,20
25802,Cherilyn,Mackrory,Conservative,Truro and Falmouth,http://data.parliament.uk/members/4758,22
25692,Rachel,Maclean,Conservative,Redditch,http://data.parliament.uk/members/4668,19
12004,Angus,MacNeil,Scottish National Party,Na h-Eileanan an Iar,http://data.parliament.uk/members/1546,0
25378,Justin,Madders,Labour,Ellesmere Port and Neston,http://data.parliament.uk/members/4418,14
11087,Khalid,Mahmood,Labour,"Birmingham, Perry Barr",http://data.parliament.uk/members/1392,9
24788,Shabana,Mahmood,Labour,"Birmingham, Ladywood",http://data.parliament.uk/members/3914,13
25285,Alan,Mak,Conservative,Havant,http://data.parliament.uk/members/4484,21
25150,Seema,Malhotra,Labour,Feltham and Heston,http://data.parliament.uk/members/4253,10
25346,Kit,Malthouse,Conservative,North West Hampshire,http://data.parliament.uk/members/4495,23
25868,Anthony,Mangnall,Conservative,Totnes,http://data.parliament.uk/members/4762,24
25383,Scott,Mann,Conservative,North Cornwall,http://data.parliament.uk/members/4496,22
25879,Julie,Marson,Conservative,Hertford and Stortford,http://data.parliament.uk/members/4768,24
25433,Rachael,Maskell,Labour,York Central,http://data.parliament.uk/members/4471,15
13904,Paul,Maskey,Sinn F??in,Belfast West,http://data.parliament.uk/members/4245,0
25411,Chris,Matheson,Labour,City of Chester,http://data.parliament.uk/members/4408,14
10426,Theresa,May,Conservative,Maidenhead,http://data.parliament.uk/members/8,18
25904,Jerome,Mayhew,Conservative,Broadland,http://data.parliament.uk/members/4739,23
24764,Paul,Maynard,Conservative,Blackpool North and Cleveleys,http://data.parliament.uk/members/3926,22
10377,Steve,McCabe,Labour,"Birmingham, Selly Oak",http://data.parliament.uk/members/298,14
11455,Kerry,McCarthy,Labour,Bristol East,http://data.parliament.uk/members/1491,12
24887,Jason,McCartney,Conservative,Colne Valley,http://data.parliament.uk/members/3953,25
24790,Karl,McCartney,Conservative,Lincoln,http://data.parliament.uk/members/4028,21
10381,Siobhain,McDonagh,Labour,Mitcham and Morden,http://data.parliament.uk/members/193,9
25169,Andy,McDonald,Labour,Middlesbrough,http://data.parliament.uk/members/4269,14
25322,Stewart,McDonald,Scottish National Party,Glasgow South,http://data.parliament.uk/members/4461,0
25301,Stuart,McDonald,Scottish National Party,"Cumbernauld, Kilsyth and Kirkintilloch East",http://data.parliament.uk/members/4393,0
10383,John Martin,McDonnell,Labour,Hayes and Harlington,http://data.parliament.uk/members/178,13
11936,Pat,McFadden,Labour,Wolverhampton South East,http://data.parliament.uk/members/1587,13
25423,Conor,McGinn,Labour,St Helens North,http://data.parliament.uk/members/4458,9
24897,Alison,McGovern,Labour,Wirral South,http://data.parliament.uk/members/4083,13
24818,Catherine,McKinnell,Labour,Newcastle upon Tyne North,http://data.parliament.uk/members/4125,13
14146,Anne,McLaughlin,Scottish National Party,Glasgow North East,http://data.parliament.uk/members/4437,0
25475,Jim,McMahon,Labour,Oldham West and Royton,http://data.parliament.uk/members/4569,12
25647,Anna,McMorrin,Labour,Cardiff North,http://data.parliament.uk/members/4632,6
25271,John,McNally,Scottish National Party,Falkirk,http://data.parliament.uk/members/4424,0
24888,Stephen,McPartland,Conservative,Stevenage,http://data.parliament.uk/members/4093,19
24882,Esther,McVey,Conservative,Tatton,http://data.parliament.uk/members/4084,15
24919,Ian,Mearns,Labour,Gateshead,http://data.parliament.uk/members/4000,13
24804,Mark,Menzies,Conservative,Fylde,http://data.parliament.uk/members/3998,20
25367,Johnny,Mercer,Conservative,"Plymouth, Moor View",http://data.parliament.uk/members/4485,16
25426,Huw,Merriman,Conservative,Bexhill and Battle,http://data.parliament.uk/members/4442,24
24749,Stephen,Metcalfe,Conservative,South Basildon and East Thurrock,http://data.parliament.uk/members/4092,19
11545,Ed,Miliband,Labour,Doncaster North,http://data.parliament.uk/members/1510,6
25832,Robin,Millar,Conservative,Aberconwy,http://data.parliament.uk/members/4746,19
11389,Maria,Miller,Conservative,Basingstoke,http://data.parliament.uk/members/1480,24
25350,Amanda,Milling,Conservative,Cannock Chase,http://data.parliament.uk/members/4454,22
24965,Nigel,Mills,Conservative,Amber Valley,http://data.parliament.uk/members/4136,23
25836,Navendu,Mishra,Labour,Stockport,http://data.parliament.uk/members/4811,14
11115,Andrew,Mitchell,Conservative,Sutton Coldfield,http://data.parliament.uk/members/1211,18
25920,Gagan,Mohindra,Conservative,South West Hertfordshire,http://data.parliament.uk/members/4804,24
13836,Francie,Molloy,Sinn F??in,Mid Ulster,http://data.parliament.uk/members/4274,0
25406,Carol,Monaghan,Scottish National Party,Glasgow North West,http://data.parliament.uk/members/4443,0
25630,Damien,Moore,Conservative,Southport,http://data.parliament.uk/members/4669,21
25922,Robbie,Moore,Conservative,Keighley,http://data.parliament.uk/members/4861,24
25689,Layla,Moran,Liberal Democrat,Oxford West and Abingdon,http://data.parliament.uk/members/4656,3
24938,Penny,Mordaunt,Conservative,Portsmouth North,http://data.parliament.uk/members/4017,21
11732,Jessica,Morden,Labour,Newport East,http://data.parliament.uk/members/1548,8
25658,Stephen,Morgan,Labour,Portsmouth South,http://data.parliament.uk/members/4653,8
24912,Anne Marie,Morris,Conservative,Newton Abbot,http://data.parliament.uk/members/4249,21
24966,David,Morris,Conservative,Morecambe and Lunesdale,http://data.parliament.uk/members/4135,15
24715,Grahame,Morris,Labour,Easington,http://data.parliament.uk/members/3973,15
24855,James,Morris,Conservative,Halesowen and Rowley Regis,http://data.parliament.uk/members/3992,16
25878,Joy,Morrissey,Conservative,Beaconsfield,http://data.parliament.uk/members/4759,22
25342,Wendy,Morton,Conservative,Aldridge-Brownhills,http://data.parliament.uk/members/4358,19
25883,Kieran,Mullan,Conservative,Crewe and Nantwich,http://data.parliament.uk/members/4860,21
25804,Holly,Mumby-Croft,Conservative,Scunthorpe,http://data.parliament.uk/members/4867,24
11970,David,Mundell,Conservative,"Dumfriesshire, Clydesdale and Tweeddale",http://data.parliament.uk/members/1512,19
24872,Ian,Murray,Labour,Edinburgh South,http://data.parliament.uk/members/3966,6
25801,James,Murray,Labour,Ealing North,http://data.parliament.uk/members/4797,14
24875,Sheryll,Murray,Conservative,South East Cornwall,http://data.parliament.uk/members/4100,24
11132,Andrew,Murrison,Conservative,South West Wiltshire,http://data.parliament.uk/members/1466,18
24831,Lisa,Nandy,Labour,Wigan,http://data.parliament.uk/members/4082,1
13736,Bob,Neill,Conservative,Bromley and Chislehurst,http://data.parliament.uk/members/1601,18
25291,Gavin,Newlands,Scottish National Party,Paisley and Renfrewshire North,http://data.parliament.uk/members/4420,0
25885,Charlotte,Nichols,Labour,Warrington North,http://data.parliament.uk/members/4799,14
25865,Lia,Nici,Conservative,Great Grimsby,http://data.parliament.uk/members/4851,21
25281,John,Nicolson,Scottish National Party,Ochil and South Perthshire,http://data.parliament.uk/members/4415,0
24809,Caroline,Nokes,Conservative,Romsey and Southampton North,http://data.parliament.uk/members/4048,26
24827,Jesse,Norman,Conservative,Hereford and South Herefordshire,http://data.parliament.uk/members/3991,21
25687,Alex,Norris,Labour,Nottingham North,http://data.parliament.uk/members/4641,13
25679,Neil,O'Brien,Conservative,Harborough,http://data.parliament.uk/members/4679,21
25370,Brendan,O'Hara,Scottish National Party,Argyll and Bute,http://data.parliament.uk/members/4371,0
24955,Matthew,Offord,Conservative,Hendon,http://data.parliament.uk/members/4006,25
25596,Sarah,Olney,Liberal Democrat,Richmond Park,http://data.parliament.uk/members/4591,3
24807,Chi,Onwurah,Labour,Newcastle upon Tyne Central,http://data.parliament.uk/members/4124,14
24962,Guy,Opperman,Conservative,Hexham,http://data.parliament.uk/members/4142,18
25846,Abena,Oppong-Asare,Labour,Erith and Thamesmead,http://data.parliament.uk/members/4820,13
25365,Kate,Osamor,Labour,Edmonton,http://data.parliament.uk/members/4515,13
25794,Kate,Osborne,Labour,Jarrow,http://data.parliament.uk/members/4783,13
25294,Kirsten,Oswald,Scottish National Party,East Renfrewshire,http://data.parliament.uk/members/4413,0
25915,Taiwo,Owatemi,Labour,Coventry North West,http://data.parliament.uk/members/4779,13
25823,Sarah,Owen,Labour,Luton North,http://data.parliament.uk/members/4777,14
13852,Ian,Paisley Jnr,DUP,North Antrim,http://data.parliament.uk/members/4129,5
24779,Neil,Parish,Conservative,Tiverton and Honiton,http://data.parliament.uk/members/4072,22
24778,Priti,Patel,Conservative,Witham,http://data.parliament.uk/members/4066,20
10473,Owen,Paterson,Conservative,North Shropshire,http://data.parliament.uk/members/274,20
24880,Mark,Pawsey,Conservative,Rugby,http://data.parliament.uk/members/4052,22
25617,Stephanie,Peacock,Labour,Barnsley East,http://data.parliament.uk/members/4607,13
11626,Mike,Penning,Conservative,Hemel Hempstead,http://data.parliament.uk/members/1528,21
25379,Matthew,Pennycook,Labour,Greenwich and Woolwich,http://data.parliament.uk/members/4520,11
11924,John,Penrose,Conservative,Weston-Super-Mare,http://data.parliament.uk/members/1584,24
24832,Andrew,Percy,Conservative,Brigg and Goole,http://data.parliament.uk/members/3939,19
24845,Toby,Perkins,Labour,Chesterfield,http://data.parliament.uk/members/3952,15
25364,Jess,Phillips,Labour,"Birmingham, Yardley",http://data.parliament.uk/members/4370,11
24709,Bridget,Phillipson,Labour,Houghton and Sunderland South,http://data.parliament.uk/members/4046,13
25377,Chris,Philp,Conservative,Croydon South,http://data.parliament.uk/members/4503,23
24747,Christopher,Pincher,Conservative,Tamworth,http://data.parliament.uk/members/4075,16
25690,Luke,Pollard,Labour,"Plymouth, Sutton and Devonport",http://data.parliament.uk/members/4682,14
24756,Daniel,Poulter,Conservative,Central Suffolk and North Ipswich,http://data.parliament.uk/members/3932,19
25407,Rebecca,Pow,Conservative,Taunton Deane,http://data.parliament.uk/members/4522,21
25165,Lucy,Powell,Labour,Manchester Central,http://data.parliament.uk/members/4263,9
25420,Victoria,Prentis,Conservative,Banbury,http://data.parliament.uk/members/4401,16
11946,Mark,Pritchard,Conservative,The Wrekin,http://data.parliament.uk/members/1576,19
25387,Tom,Pursglove,Conservative,Corby,http://data.parliament.uk/members/4369,15
25417,Jeremy,Quin,Conservative,Horsham,http://data.parliament.uk/members/4507,22
25403,Will,Quince,Conservative,Colchester,http://data.parliament.uk/members/4423,21
24775,Yasmin,Qureshi,Labour,Bolton South East,http://data.parliament.uk/members/3924,14
24815,Dominic,Raab,Conservative,Esher and Walton,http://data.parliament.uk/members/4007,0
25837,Tom,Randall,Conservative,Gedling,http://data.parliament.uk/members/4845,23
25429,Angela,Rayner,Labour,Ashton-under-Lyne,http://data.parliament.uk/members/4356,9
10499,John,Redwood,Conservative,Wokingham,http://data.parliament.uk/members/14,25
25170,Steve,Reed,Labour,Croydon North,http://data.parliament.uk/members/4268,13
25332,Christina,Rees,Labour,Neath,http://data.parliament.uk/members/4525,9
24926,Jacob,Rees-Mogg,Conservative,North East Somerset,http://data.parliament.uk/members/4099,22
25681,Ellie,Reeves,Labour,Lewisham West and Penge,http://data.parliament.uk/members/4620,14
24851,Rachel,Reeves,Labour,Leeds West,http://data.parliament.uk/members/4031,10
24929,Jonathan,Reynolds,Labour,Stalybridge and Hyde,http://data.parliament.uk/members/4119,11
25856,Bell,Ribeiro-Addy,Labour,Streatham,http://data.parliament.uk/members/4764,14
25834,Nicola,Richards,Conservative,West Bromwich East,http://data.parliament.uk/members/4868,25
25827,Angela,Richardson,Conservative,Guildford,http://data.parliament.uk/members/4840,25
25321,Marie,Rimmer,Labour,St Helens South and Whiston,http://data.parliament.uk/members/4457,15
25852,Rob,Roberts,Conservative,Delyn,http://data.parliament.uk/members/4810,19
10505,Laurence,Robertson,Conservative,Tewkesbury,http://data.parliament.uk/members/253,18
25280,Gavin,Robinson,DUP,Belfast East,http://data.parliament.uk/members/4360,6
25405,Mary,Robinson,Conservative,Cheadle,http://data.parliament.uk/members/4406,20
25691,Matt,Rodda,Labour,Reading East,http://data.parliament.uk/members/4654,13
11199,Andrew,Rosindell,Conservative,Romford,http://data.parliament.uk/members/1447,23
25531,Douglas,Ross,Conservative,Moray,http://data.parliament.uk/members/4627,18
25685,Lee,Rowley,Conservative,North East Derbyshire,http://data.parliament.uk/members/4652,22
25828,Dean,Russell,Conservative,Watford,http://data.parliament.uk/members/4812,23
25667,Lloyd,Russell-Moyle,Labour,"Brighton, Kemptown",http://data.parliament.uk/members/4615,14
24820,David,Rutley,Conservative,Macclesfield,http://data.parliament.uk/members/4033,18
25887,Gary,Sambrook,Conservative,"Birmingham, Northfield",http://data.parliament.uk/members/4760,19
25880,Selaine,Saxby,Conservative,North Devon,http://data.parliament.uk/members/4863,24
25331,Paul,Scully,Conservative,Sutton and Cheam,http://data.parliament.uk/members/4414,15
25645,Bob,Seely,Conservative,Isle of Wight,http://data.parliament.uk/members/4681,21
11216,Andrew,Selous,Conservative,South West Bedfordshire,http://data.parliament.uk/members/1453,23
25385,Naseem,Shah,Labour,Bradford West,http://data.parliament.uk/members/4409,5
11917,Grant,Shapps,Conservative,Welwyn Hatfield,http://data.parliament.uk/members/1582,12
24902,Alok,Sharma,Conservative,Reading West,http://data.parliament.uk/members/4014,16
13934,Virendra,Sharma,Labour,"Ealing, Southall",http://data.parliament.uk/members/1604,14
10534,Barry,Sheerman,Labour,Huddersfield,http://data.parliament.uk/members/411,6
24893,Alec,Shelbrooke,Conservative,Elmet and Rothwell,http://data.parliament.uk/members/3997,22
25341,Tommy,Sheppard,Scottish National Party,Edinburgh East,http://data.parliament.uk/members/4453,0
25344,Tulip,Siddiq,Labour,Hampstead and Kilburn,http://data.parliament.uk/members/4518,13
25892,David,Simmonds,Conservative,"Ruislip, Northwood and Pinner",http://data.parliament.uk/members/4872,24
24713,Chris,Skidmore,Conservative,Kingswood,http://data.parliament.uk/members/4021,15
11559,Andrew,Slaughter,Labour,Hammersmith,http://data.parliament.uk/members/1516,13
25848,Alyn,Smith,Scottish National Party,Stirling,http://data.parliament.uk/members/4738,0
25432,Cat,Smith,Labour,Lancaster and Fleetwood,http://data.parliament.uk/members/4436,14
24691,Chloe,Smith,Conservative,Norwich North,http://data.parliament.uk/members/1609,21
25925,Greg,Smith,Conservative,Buckingham,http://data.parliament.uk/members/4778,22
24802,Henry,Smith,Conservative,Crawley,http://data.parliament.uk/members/3960,24
25366,Jeff,Smith,Labour,"Manchester, Withington",http://data.parliament.uk/members/4456,4
24961,Julian,Smith,Conservative,Skipton and Ripon,http://data.parliament.uk/members/4118,9
24728,Nick,Smith,Labour,Blaenau Gwent,http://data.parliament.uk/members/3928,9
25345,Royston,Smith,Conservative,"Southampton, Itchen",http://data.parliament.uk/members/4478,10
25390,Karin,Smyth,Labour,Bristol South,http://data.parliament.uk/members/4444,12
25680,Alex,Sobel,Labour,Leeds North West,http://data.parliament.uk/members/4658,13
25436,Amanda,Solloway,Conservative,Derby North,http://data.parliament.uk/members/4372,20
10558,John,Spellar,Labour,Warley,http://data.parliament.uk/members/318,11
25889,Ben,Spencer,Conservative,Runnymede and Weybridge,http://data.parliament.uk/members/4785,23
24909,Mark,Spencer,Conservative,Sherwood,http://data.parliament.uk/members/4055,23
25864,Alexander,Stafford,Conservative,Rother Valley,http://data.parliament.uk/members/4866,12
25353,Keir,Starmer,Labour,Holborn and St Pancras,http://data.parliament.uk/members/4514,0
25306,Chris,Stephens,Scottish National Party,Glasgow South West,http://data.parliament.uk/members/4463,0
24759,Andrew,Stephenson,Conservative,Pendle,http://data.parliament.uk/members/4044,12
25304,Jo,Stevens,Labour,Cardiff Central,http://data.parliament.uk/members/4425,9
25807,Jane,Stevenson,Conservative,Wolverhampton North East,http://data.parliament.uk/members/4750,21
24799,John,Stevenson,Conservative,Carlisle,http://data.parliament.uk/members/3942,22
24907,Bob,Stewart,Conservative,Beckenham,http://data.parliament.uk/members/3919,11
24947,Iain,Stewart,Conservative,Milton Keynes South,http://data.parliament.uk/members/4015,20
25668,Jamie,Stone,Liberal Democrat,"Caithness, Sutherland and Easter Ross",http://data.parliament.uk/members/4612,2
10575,Gary,Streeter,Conservative,South West Devon,http://data.parliament.uk/members/234,4
25320,Wes,Streeting,Labour,Ilford North,http://data.parliament.uk/members/4504,14
24914,Mel,Stride,Conservative,Central Devon,http://data.parliament.uk/members/3935,15
10576,Graham,Stringer,Labour,Blackley and Broughton,http://data.parliament.uk/members/449,9
11406,Graham,Stuart,Conservative,Beverley and Holderness,http://data.parliament.uk/members/1482,11
24853,Julian,Sturdy,Conservative,York Outer,http://data.parliament.uk/members/4079,23
25909,Zarah,Sultana,Labour,Coventry South,http://data.parliament.uk/members/4786,13
25428,Rishi,Sunak,Conservative,Richmond (Yorks),http://data.parliament.uk/members/4483,20
25860,James,Sunderland,Conservative,Bracknell,http://data.parliament.uk/members/4767,21
10580,Desmond,Swayne,Conservative,New Forest West,http://data.parliament.uk/members/55,22
10582,Robert,Syms,Conservative,Poole,http://data.parliament.uk/members/245,23
11267,Mark,Tami,Labour,Alyn and Deeside,http://data.parliament.uk/members/1383,11
25912,Sam,Tarry,Labour,Ilford South,http://data.parliament.uk/members/4829,14
25327,Alison,Thewliss,Scottish National Party,Glasgow Central,http://data.parliament.uk/members/4430,0
25440,Derek,Thomas,Conservative,St Ives,http://data.parliament.uk/members/4532,22
10594,Gareth,Thomas,Labour,Harrow West,http://data.parliament.uk/members/177,11
25279,Nick,Thomas-Symonds,Labour,Torfaen,http://data.parliament.uk/members/4479,10
25278,Owen,Thompson,Scottish National Party,Midlothian,http://data.parliament.uk/members/4482,0
25919,Richard,Thomson,Scottish National Party,Gordon,http://data.parliament.uk/members/4796,0
11656,Emily,Thornberry,Labour,Islington South and Finsbury,http://data.parliament.uk/members/1536,3
25371,Maggie,Throup,Conservative,Erewash,http://data.parliament.uk/members/4447,18
10596,Stephen,Timms,Labour,East Ham,http://data.parliament.uk/members/163,13
14128,Edward,Timpson,Conservative,Eddisbury,http://data.parliament.uk/members/1605,22
25430,Kelly,Tolhurst,Conservative,Rochester and Strood,http://data.parliament.uk/members/4487,21
24870,Justin,Tomlinson,Conservative,North Swindon,http://data.parliament.uk/members/4105,22
25422,Michael,Tomlinson,Conservative,Mid Dorset and North Poole,http://data.parliament.uk/members/4497,22
25290,Craig,Tracey,Conservative,North Warwickshire,http://data.parliament.uk/members/4509,22
25439,Anne-Marie,Trevelyan,Conservative,Berwick-upon-Tweed,http://data.parliament.uk/members/4531,11
10604,Jon,Trickett,Labour,Hemsworth,http://data.parliament.uk/members/410,8
25851,Laura,Trott,Conservative,Sevenoaks,http://data.parliament.uk/members/4780,22
24941,Elizabeth,Truss,Conservative,South West Norfolk,http://data.parliament.uk/members/4097,17
25374,Thomas,Tugendhat,Conservative,Tonbridge and Malling,http://data.parliament.uk/members/4462,23
24767,Karl,Turner,Labour,Kingston upon Hull East,http://data.parliament.uk/members/4030,7
10610,Derek,Twigg,Labour,Halton,http://data.parliament.uk/members/429,14
25623,Liz,Twist,Labour,Blaydon,http://data.parliament.uk/members/4618,9
11475,Shailesh,Vara,Conservative,North West Cambridgeshire,http://data.parliament.uk/members/1496,20
24852,Valerie,Vaz,Labour,Walsall South,http://data.parliament.uk/members/4076,13
24814,Martin,Vickers,Conservative,Cleethorpes,http://data.parliament.uk/members/3957,18
25853,Matt,Vickers,Conservative,Stockton South,http://data.parliament.uk/members/4844,20
11500,Theresa,Villiers,Conservative,Chipping Barnet,http://data.parliament.uk/members/1500,12
25874,Christian,Wakeford,Conservative,Bury South,http://data.parliament.uk/members/4871,24
11461,Charles,Walker,Conservative,Broxbourne,http://data.parliament.uk/members/1493,21
24862,Robin,Walker,Conservative,Worcester,http://data.parliament.uk/members/4091,23
11668,Ben,Wallace,Conservative,Wyre and Preston North,http://data.parliament.uk/members/1539,9
25829,Jamie,Wallis,Conservative,Bridgend,http://data.parliament.uk/members/4766,17
25372,David,Warburton,Conservative,Somerton and Frome,http://data.parliament.uk/members/4526,19
25395,Matt,Warman,Conservative,Boston and Skegness,http://data.parliament.uk/members/4361,20
25644,Giles,Watling,Conservative,Clacton,http://data.parliament.uk/members/4677,24
25926,Suzanne,Webb,Conservative,Stourbridge,http://data.parliament.uk/members/4802,22
25797,Claudia,Webbe,Labour,Leicester East,http://data.parliament.uk/members/4848,13
25328,Catherine,West,Labour,Hornsey and Wood Green,http://data.parliament.uk/members/4523,13
25701,Matt,Western,Labour,Warwick and Leamington,http://data.parliament.uk/members/4617,12
25398,Helen,Whately,Conservative,Faversham and Mid Kent,http://data.parliament.uk/members/4527,18
24769,Heather,Wheeler,Conservative,South Derbyshire,http://data.parliament.uk/members/4053,17
10630,Alan,Whitehead,Labour,"Southampton, Test",http://data.parliament.uk/members/62,14
25318,Philippa,Whitford,Scottish National Party,Central Ayrshire,http://data.parliament.uk/members/4385,0
25798,Mick,Whitley,Labour,Birkenhead,http://data.parliament.uk/members/4755,10
24944,Craig,Whittaker,Conservative,Calder Valley,http://data.parliament.uk/members/3940,20
10632,John,Whittingdale,Conservative,Maldon,http://data.parliament.uk/members/39,21
25845,Nadia,Whittome,Labour,Nottingham East,http://data.parliament.uk/members/4869,12
11318,Bill,Wiggin,Conservative,North Herefordshire,http://data.parliament.uk/members/1428,23
25866,James,Wild,Conservative,North West Norfolk,http://data.parliament.uk/members/4787,24
25329,Craig,Williams,Conservative,Montgomeryshire,http://data.parliament.uk/members/4438,19
24729,Gavin,Williamson,Conservative,South Staffordshire,http://data.parliament.uk/members/4108,21
25820,Munira,Wilson,Liberal Democrat,Twickenham,http://data.parliament.uk/members/4776,3
11374,Sammy,Wilson,DUP,East Antrim,http://data.parliament.uk/members/1593,4
25826,Beth,Winter,Labour,Cynon Valley,http://data.parliament.uk/members/4809,11
10648,Rosie,Winterton,Labour,Doncaster Central,http://data.parliament.uk/members/390,0
11333,Pete,Wishart,Scottish National Party,Perth and North Perthshire,http://data.parliament.uk/members/1440,0
25362,Mike,Wood,Conservative,Dudley South,http://data.parliament.uk/members/4384,22
25360,William,Wragg,Conservative,Hazel Grove,http://data.parliament.uk/members/4429,26
11791,Jeremy,Wright,Conservative,Kenilworth and Southam,http://data.parliament.uk/members/1560,22
25649,Mohammad,Yasin,Labour,Bedford,http://data.parliament.uk/members/4598,13
25806,Jacob,Young,Conservative,Redcar,http://data.parliament.uk/members/4825,23
24822,Nadhim,Zahawi,Conservative,Stratford-on-Avon,http://data.parliament.uk/members/4113,21
25386,Daniel,Zeichner,Labour,Cambridge,http://data.parliament.uk/members/4382,13
